<code_scheme name="Default" version="173">
  <PHPCodeStyleSettings>
    <option name="BLANK_LINES_BETWEEN_IMPORTS" value="1" />
    <option name="LOWER_CASE_BOOLEAN_CONST" value="true" />
    <option name="LOWER_CASE_NULL_CONST" value="true" />
    <option name="ELSE_IF_STYLE" value="COMBINE" />
    <option name="KEEP_RPAREN_AND_LBRACE_ON_ONE_LINE" value="true" />
    <option name="BLANK_LINES_AFTER_OPENING_TAG" value="1" />
    <option name="KEEP_BLANK_LINES_AFTER_LBRACE" value="0" />
    <option name="NEW_LINE_AFTER_PHP_OPENING_TAG" value="true" />
  </PHPCodeStyleSettings>
  <TypeScriptCodeStyleSettings version="0">
    <option name="USE_SEMICOLON_AFTER_STATEMENT" value="false" />
    <option name="USE_DOUBLE_QUOTES" value="false" />
    <option name="SPACES_WITHIN_OBJECT_LITERAL_BRACES" value="true" />
    <option name="SPACES_WITHIN_IMPORTS" value="true" />
    <option name="IMPORT_PREFER_ABSOLUTE_PATH" value="TRUE" />
  </TypeScriptCodeStyleSettings>
  <codeStyleSettings language="PHP">
    <option name="KEEP_BLANK_LINES_BEFORE_RBRACE" value="0" />
    <option name="BLANK_LINES_AFTER_PACKAGE" value="1" />
    <option name="ALIGN_MULTILINE_PARAMETERS" value="false" />
    <option name="ALIGN_MULTILINE_EXTENDS_LIST" value="true" />
    <option name="SPACE_WITHIN_BRACKETS" value="true" />
    <option name="CALL_PARAMETERS_WRAP" value="1" />
    <option name="METHOD_PARAMETERS_WRAP" value="5" />
    <option name="METHOD_PARAMETERS_LPAREN_ON_NEXT_LINE" value="true" />
    <option name="METHOD_PARAMETERS_RPAREN_ON_NEXT_LINE" value="true" />
    <option name="EXTENDS_LIST_WRAP" value="5" />
    <option name="FOR_STATEMENT_LPAREN_ON_NEXT_LINE" value="true" />
    <option name="FOR_STATEMENT_RPAREN_ON_NEXT_LINE" value="true" />
    <option name="ARRAY_INITIALIZER_WRAP" value="5" />
    <option name="ARRAY_INITIALIZER_LBRACE_ON_NEXT_LINE" value="true" />
    <option name="ARRAY_INITIALIZER_RBRACE_ON_NEXT_LINE" value="true" />
    <option name="IF_BRACE_FORCE" value="3" />
    <option name="DOWHILE_BRACE_FORCE" value="3" />
    <option name="WHILE_BRACE_FORCE" value="3" />
    <option name="FOR_BRACE_FORCE" value="3" />
  </codeStyleSettings>
  <codeStyleSettings language="TypeScript">
    <option name="SPACE_BEFORE_METHOD_PARENTHESES" value="true" />
  </codeStyleSettings>
</code_scheme>