<application>
  <component name="VimEditorSettings">
    <editor>
      <key-repeat enabled="true" />
    </editor>
  </component>
  <component name="VimHistorySettings">
    <history>
      <history-search>
        <entry>data</entry>
        <entry>videoId</entry>
        <entry>click</entry>
        <entry>store</entry>
        <entry>attached</entry>
        <entry>store(</entry>
        <entry>default</entry>
        <entry>id</entry>
        <entry>Tubecrawl</entry>
        <entry>Toast</entry>
        <entry>Modal</entry>
        <entry>props</entry>
        <entry>spawn</entry>
        <entry>emitted</entry>
        <entry>lobal</entry>
        <entry>obalToast</entry>
        <entry>Glo</entry>
        <entry>Toa</entry>
        <entry>updatetime</entry>
        <entry>Perc</entry>
      </history-search>
      <history-cmd>
        <entry>%s/Category/Content/g</entry>
        <entry>66</entry>
        <entry>8</entry>
        <entry>20</entry>
        <entry>32</entry>
        <entry>9</entry>
        <entry>14</entry>
        <entry>10</entry>
        <entry>23</entry>
        <entry>19</entry>
        <entry>42</entry>
        <entry>63</entry>
        <entry>17</entry>
        <entry>37</entry>
        <entry>34</entry>
        <entry>26</entry>
        <entry>36</entry>
        <entry>w</entry>
        <entry>wa</entry>
        <entry>1</entry>
      </history-cmd>
      <history-expr />
      <history-input />
    </history>
  </component>
  <component name="VimKeySettings">
    <shortcut-conflicts>
      <shortcut-conflict owner="vim">
        <text>ctrl pressed R</text>
      </shortcut-conflict>
      <shortcut-conflict owner="vim">
        <text>ctrl pressed P</text>
      </shortcut-conflict>
    </shortcut-conflicts>
  </component>
  <component name="VimMarksSettings">
    <globalmarks />
    <filemarks>
      <file name="$USER_HOME$/oneconcern/components/modules/Carousel.vue" timestamp="1591650660051">
        <mark key="[" line="19" column="12" />
        <mark key="]" line="19" column="31" />
        <mark key="^" line="19" column="31" />
        <mark key="." line="19" column="30" />
      </file>
      <file name="$USER_HOME$/grappling/web/pages/index.vue" timestamp="1591747220534">
        <mark key="[" line="3" column="0" />
        <mark key="]" line="3" column="0" />
        <mark key="." line="3" column="0" />
      </file>
      <file name="/a.dummy" timestamp="1591751909207">
        <mark key="[" line="0" column="0" />
      </file>
      <file name="$USER_HOME$/grappling/web/components/global/Modal/GlobalModal.vue" timestamp="1591747099111">
        <mark key="'" line="11" column="32" />
        <mark key="[" line="1" column="1" />
        <mark key="]" line="1" column="9" />
        <mark key="." line="1" column="8" />
        <mark key="^" line="1" column="9" />
      </file>
      <file name="$USER_HOME$/grappling/web/components/global/Modal/index.js" timestamp="1591746344431">
        <mark key="'" line="15" column="27" />
      </file>
      <file name="$USER_HOME$/grappling/web/plugins/toast.client.js" timestamp="1591751980029">
        <mark key="[" line="1" column="45" />
        <mark key="]" line="1" column="46" />
        <mark key="." line="1" column="46" />
        <mark key="^" line="1" column="51" />
      </file>
      <file name="$USER_HOME$/grappling/web/plugins/modal.client.js" timestamp="1591746939880">
        <mark key="'" line="13" column="27" />
        <mark key="[" line="1" column="45" />
        <mark key="]" line="1" column="45" />
        <mark key="." line="1" column="45" />
      </file>
      <file name="$USER_HOME$/grappling/web/components/header/HeaderBar.vue" timestamp="1591750831012">
        <mark key="'" line="3" column="12" />
        <mark key="[" line="3" column="45" />
        <mark key="]" line="3" column="50" />
        <mark key="^" line="3" column="50" />
        <mark key="." line="3" column="49" />
      </file>
      <file name="$USER_HOME$/grappling/web/pages/admin/_category/_filter.vue" timestamp="1591751646827">
        <mark key="'" line="11" column="31" />
        <mark key="[" line="27" column="0" />
        <mark key="]" line="27" column="0" />
        <mark key="." line="27" column="0" />
      </file>
      <file name="$USER_HOME$/grappling/web/components/global/Toast/GlobalToast.vue" timestamp="1591751931358">
        <mark key="'" line="83" column="18" />
        <mark key="[" line="7" column="32" />
        <mark key="]" line="7" column="32" />
        <mark key="^" line="83" column="19" />
        <mark key="." line="7" column="38" />
      </file>
      <file name="$USER_HOME$/grappling/web/components/global/Toast/index.js" timestamp="1591751899064">
        <mark key="'" line="4" column="8" />
        <mark key="[" line="7" column="41" />
        <mark key="]" line="7" column="52" />
        <mark key="." line="7" column="51" />
        <mark key="^" line="7" column="52" />
      </file>
      <file name="$USER_HOME$/grappling/web/components/filters/FilterAdd.vue" timestamp="1591747043913">
        <mark key="[" line="9" column="0" />
        <mark key="]" line="9" column="0" />
        <mark key="^" line="3" column="11" />
        <mark key="." line="9" column="0" />
      </file>
      <file name="$USER_HOME$/grappling/web/components/filters/FilterList.vue" timestamp="1591747058627">
        <mark key="[" line="19" column="0" />
        <mark key="]" line="19" column="0" />
        <mark key="^" line="11" column="11" />
        <mark key="." line="19" column="0" />
      </file>
      <file name="$USER_HOME$/grappling/web/nuxt.config.js" timestamp="1591587336602">
        <mark key="'" line="0" column="0" />
        <mark key="[" line="33" column="22" />
        <mark key="]" line="33" column="28" />
        <mark key="." line="33" column="27" />
        <mark key="^" line="33" column="28" />
      </file>
      <file name="$USER_HOME$/grappling/web/components/videos/VideoModal.vue" timestamp="1591746754479">
        <mark key="'" line="28" column="49" />
        <mark key="[" line="1" column="1" />
        <mark key="]" line="1" column="9" />
        <mark key="." line="1" column="8" />
        <mark key="^" line="1" column="9" />
      </file>
      <file name="$USER_HOME$/grappling/web/components/category/Categories.vue" timestamp="1591747031696">
        <mark key="[" line="15" column="0" />
        <mark key="]" line="15" column="0" />
        <mark key="^" line="8" column="11" />
        <mark key="." line="15" column="0" />
      </file>
      <file name="$USER_HOME$/grappling/web/plugins/axios.js" timestamp="1591746964954">
        <mark key="'" line="0" column="0" />
        <mark key="[" line="8" column="45" />
        <mark key="]" line="8" column="56" />
        <mark key="." line="8" column="55" />
        <mark key="^" line="8" column="56" />
      </file>
      <file name="$USER_HOME$/grappling/web/utils/helpers.js" timestamp="1591750999344">
        <mark key="'" line="15" column="27" />
      </file>
      <file name="$USER_HOME$/grappling/web/components/filters/FilterInput.vue" timestamp="1591752053033">
        <mark key="'" line="0" column="0" />
        <mark key="[" line="67" column="18" />
        <mark key="]" line="67" column="22" />
        <mark key="." line="67" column="21" />
        <mark key="^" line="67" column="22" />
      </file>
      <file name="$USER_HOME$/grappling/web/components/category/CategoryItem.vue" timestamp="1591750972060">
        <mark key="'" line="0" column="0" />
        <mark key="[" line="33" column="0" />
        <mark key="]" line="33" column="0" />
        <mark key="." line="33" column="0" />
      </file>
    </filemarks>
    <jumps>
      <jump line="17" column="32" filename="$USER_HOME$/grappling/api/routes/api.php" />
      <jump line="18" column="30" filename="$USER_HOME$/grappling/api/routes/api.php" />
      <jump line="35" column="68" filename="$USER_HOME$/grappling/web/pages/index.vue" />
      <jump line="62" column="13" filename="$USER_HOME$/grappling/web/pages/index.vue" />
      <jump line="0" column="0" filename="$USER_HOME$/grappling/web/assets/css/tailwind.css" />
      <jump line="17" column="57" filename="$USER_HOME$/grappling/web/nuxt.config.js" />
      <jump line="18" column="0" filename="$USER_HOME$/grappling/web/assets/stylus/main.styl" />
      <jump line="35" column="4" filename="$USER_HOME$/grappling/web/nuxt.config.js" />
      <jump line="0" column="3" filename="$USER_HOME$/grappling/web/assets/stylus/main.styl" />
      <jump line="17" column="3" filename="$USER_HOME$/grappling/web/assets/stylus/main.styl" />
      <jump line="25" column="12" filename="$USER_HOME$/grappling/web/nuxt.config.js" />
      <jump line="1" column="0" filename="$USER_HOME$/grappling/web/assets/stylus/main.styl" />
      <jump line="10" column="45" filename="$USER_HOME$/grappling/web/nuxt.config.js" />
      <jump line="0" column="0" filename="$USER_HOME$/grappling/web/assets/stylus/animations.styl" />
      <jump line="19" column="0" filename="$USER_HOME$/grappling/web/assets/stylus/transitions.styl" />
      <jump line="22" column="0" filename="$USER_HOME$/grappling/web/assets/stylus/transitions.styl" />
      <jump line="33" column="9" filename="$USER_HOME$/jumpdeck/web/assets/stylus/main.styl" />
      <jump line="69" column="25" filename="$USER_HOME$/jumpdeck/web/nuxt.config.js" />
      <jump line="61" column="0" filename="$USER_HOME$/jumpdeck/web/nuxt.config.js" />
      <jump line="2" column="2" filename="$USER_HOME$/jumpdeck/web/assets/stylus/transitions.styl" />
      <jump line="74" column="2" filename="$USER_HOME$/jumpdeck/web/assets/stylus/transitions.styl" />
      <jump line="53" column="49" filename="$USER_HOME$/jumpdeck/web/assets/stylus/transitions.styl" />
      <jump line="56" column="18" filename="$USER_HOME$/jumpdeck/web/assets/stylus/transitions.styl" />
      <jump line="47" column="24" filename="$USER_HOME$/grappling/web/assets/stylus/transitions.styl" />
      <jump line="54" column="49" filename="$USER_HOME$/grappling/web/assets/stylus/transitions.styl" />
      <jump line="57" column="18" filename="$USER_HOME$/grappling/web/assets/stylus/transitions.styl" />
      <jump line="49" column="13" filename="$USER_HOME$/grappling/web/assets/stylus/transitions.styl" />
      <jump line="0" column="0" filename="$USER_HOME$/grappling/web/assets/stylus/transitions.styl" />
      <jump line="11" column="10" filename="$USER_HOME$/grappling/web/nuxt.config.js" />
      <jump line="0" column="6" filename="$USER_HOME$/grappling/web/components/format/FormatNumber.vue" />
      <jump line="59" column="19" filename="$USER_HOME$/grappling/web/assets/stylus/transitions.styl" />
      <jump line="55" column="18" filename="$USER_HOME$/grappling/web/assets/stylus/transitions.styl" />
      <jump line="24" column="18" filename="$USER_HOME$/grappling/web/components/global/Toast/Toast.vue" />
      <jump line="0" column="0" filename="$USER_HOME$/grappling/web/components/global/Toast/Toast.vue" />
      <jump line="91" column="41" filename="$USER_HOME$/grappling/web/components/global/Toast/Toast.vue" />
      <jump line="113" column="0" filename="$USER_HOME$/grappling/web/components/global/Toast/Toast.vue" />
      <jump line="9" column="0" filename="$USER_HOME$/grappling/web/layouts/default.vue" />
      <jump line="13" column="16" filename="$USER_HOME$/grappling/web/nuxt.config.js" />
      <jump line="61" column="8" filename="$USER_HOME$/grappling/web/nuxt.config.js" />
      <jump line="6" column="0" filename="$USER_HOME$/grappling/web/layouts/default.vue" />
      <jump line="112" column="8" filename="$USER_HOME$/grappling/web/components/global/Toast/Toast.vue" />
      <jump line="52" column="26" filename="$USER_HOME$/grappling/web/assets/stylus/transitions.styl" />
      <jump line="17" column="11" filename="$USER_HOME$/grappling/web/components/videos/Videos.vue" />
      <jump line="32" column="89" filename="$USER_HOME$/grappling/web/components/videos/Videos.vue" />
      <jump line="15" column="15" filename="$USER_HOME$/grappling/web/pages/admin/_category/_filter.vue" />
      <jump line="12" column="7" filename="$USER_HOME$/grappling/web/components/videos/Videos.vue" />
      <jump line="0" column="0" filename="$USER_HOME$/grappling/api/app/TubeCrawl/TubeCrawl.php" />
      <jump line="44" column="51" filename="$USER_HOME$/grappling/api/app/TubeCrawl/TubeCrawl.php" />
      <jump line="0" column="0" filename="$USER_HOME$/grappling/web/components/videos/VideoModal.vue" />
      <jump line="29" column="9" filename="$USER_HOME$/grappling/web/components/videos/VideoModal.vue" />
      <jump line="8" column="97" filename="$USER_HOME$/grappling/web/components/videos/VideoModal.vue" />
      <jump line="19" column="5" filename="$USER_HOME$/grappling/web/components/videos/VideoModal.vue" />
      <jump line="30" column="18" filename="$USER_HOME$/grappling/api/app/Http/Controllers/ContentController.php" />
      <jump line="40" column="17" filename="$USER_HOME$/grappling/web/components/videos/VideoModal.vue" />
      <jump line="85" column="6" filename="$USER_HOME$/grappling/api/app/Http/Controllers/ContentController.php" />
      <jump line="34" column="52" filename="$USER_HOME$/grappling/api/app/Http/Controllers/ContentController.php" />
      <jump line="19" column="16" filename="$USER_HOME$/grappling/web/components/videos/Videos.vue" />
      <jump line="5" column="96" filename="$USER_HOME$/grappling/web/components/videos/Videos.vue" />
      <jump line="26" column="40" filename="$USER_HOME$/grappling/api/app/Http/Controllers/ContentController.php" />
      <jump line="4" column="0" filename="$USER_HOME$/grappling/web/components/videos/VideoModal.vue" />
      <jump line="7" column="44" filename="$USER_HOME$/grappling/web/components/videos/VideoModal.vue" />
      <jump line="22" column="1" filename="$USER_HOME$/grappling/api/app/Http/Controllers/ContentController.php" />
      <jump line="88" column="0" filename="$USER_HOME$/grappling/api/app/Http/Controllers/ContentController.php" />
      <jump line="43" column="20" filename="$USER_HOME$/grappling/api/vendor/acidjazz/metapi/src/MetApi.php" />
      <jump line="264" column="39" filename="$USER_HOME$/grappling/api/vendor/acidjazz/metapi/src/MetApi.php" />
      <jump line="5" column="57" filename="$USER_HOME$/grappling/web/components/videos/VideoModal.vue" />
      <jump line="21" column="33" filename="$USER_HOME$/grappling/api/app/TubeCrawl/TubeCrawl.php" />
      <jump line="27" column="16" filename="$USER_HOME$/grappling/web/components/videos/VideoModal.vue" />
      <jump line="28" column="49" filename="$USER_HOME$/grappling/web/components/videos/VideoModal.vue" />
      <jump line="0" column="0" filename="$USER_HOME$/grappling/api/config/services.php" />
      <jump line="33" column="0" filename="$USER_HOME$/grappling/api/app/Http/Controllers/ContentController.php" />
      <jump line="0" column="0" filename="$USER_HOME$/grappling/web/nuxt.config.js" />
      <jump line="1" column="33" filename="$USER_HOME$/grappling/web/components/global/Modal/index.js" />
      <jump line="5" column="6" filename="$USER_HOME$/grappling/web/components/global/Modal/index.js" />
      <jump line="8" column="45" filename="$USER_HOME$/grappling/web/components/global/Modal/index.js" />
      <jump line="15" column="27" filename="$USER_HOME$/grappling/web/components/global/Modal/index.js" />
      <jump line="0" column="0" filename="$USER_HOME$/grappling/web/components/category/CategoryItem.vue" />
      <jump line="10" column="0" filename="$USER_HOME$/grappling/web/plugins/modal.client.js" />
      <jump line="13" column="27" filename="$USER_HOME$/grappling/web/plugins/modal.client.js" />
      <jump line="0" column="0" filename="$USER_HOME$/grappling/web/plugins/axios.js" />
      <jump line="11" column="32" filename="$USER_HOME$/grappling/web/components/global/Modal/GlobalModal.vue" />
      <jump line="5" column="43" filename="$USER_HOME$/grappling/web/components/header/HeaderBar.vue" />
      <jump line="3" column="12" filename="$USER_HOME$/grappling/web/components/header/HeaderBar.vue" />
      <jump line="0" column="0" filename="$USER_HOME$/grappling/web/utils/helpers.js" />
      <jump line="14" column="38" filename="$USER_HOME$/grappling/web/utils/helpers.js" />
      <jump line="15" column="27" filename="$USER_HOME$/grappling/web/utils/helpers.js" />
      <jump line="0" column="0" filename="$USER_HOME$/grappling/web/pages/admin/_category/_filter.vue" />
      <jump line="13" column="0" filename="$USER_HOME$/grappling/web/components/filters/FilterInput.vue" />
      <jump line="17" column="24" filename="$USER_HOME$/grappling/web/pages/admin/_category/_filter.vue" />
      <jump line="11" column="31" filename="$USER_HOME$/grappling/web/pages/admin/_category/_filter.vue" />
      <jump line="0" column="0" filename="$USER_HOME$/grappling/web/components/global/Toast/GlobalToast.vue" />
      <jump line="7" column="47" filename="$USER_HOME$/grappling/web/components/global/Toast/index.js" />
      <jump line="10" column="19" filename="$USER_HOME$/grappling/web/components/global/Toast/index.js" />
      <jump line="0" column="57" filename="$USER_HOME$/grappling/web/components/global/Toast/index.js" />
      <jump line="4" column="8" filename="$USER_HOME$/grappling/web/components/global/Toast/index.js" />
      <jump line="101" column="13" filename="$USER_HOME$/grappling/web/components/global/Toast/GlobalToast.vue" />
      <jump line="96" column="54" filename="$USER_HOME$/grappling/web/components/global/Toast/GlobalToast.vue" />
      <jump line="7" column="32" filename="$USER_HOME$/grappling/web/components/global/Toast/GlobalToast.vue" />
      <jump line="83" column="18" filename="$USER_HOME$/grappling/web/components/global/Toast/GlobalToast.vue" />
      <jump line="0" column="0" filename="$USER_HOME$/grappling/web/components/filters/FilterInput.vue" />
    </jumps>
  </component>
  <component name="VimRegisterSettings">
    <registers>
      <register name="&quot;" type="2">
        <text encoding="base64">ICAgICAgY29uc29sZS5sb2cocmVzdWx0KQo=</text>
      </register>
      <register name="-" type="4">
        <text>Perc</text>
      </register>
      <register name="/" type="4">
        <text>Perc</text>
      </register>
      <register name="0" type="2">
        <text encoding="base64">ICAgICAgY29uc29sZS5sb2cocmVzdWx0KQo=</text>
      </register>
      <register name="1" type="2">
        <text encoding="base64">ICAgICAgY29uc29sZS5sb2cocmVzdWx0KQo=</text>
      </register>
      <register name="2" type="2">
        <text encoding="base64">ICAgICAgY29uc29sZS5sb2cocmVzdWx0KQo=</text>
      </register>
      <register name="3" type="2">
        <text encoding="base64">ICAgIHRoaXMuJHRvYXN0LnNob3coJ3RoaXMgaXMgYSB0ZXN0JykK</text>
      </register>
      <register name="4" type="2">
        <text encoding="base64">ICBjb21wb25lbnRzOiB7IENhdGVnb3JpZXMsIEZpbHRlcnMsIFZpZGVvcyB9LAo=</text>
      </register>
      <register name="5" type="2">
        <text encoding="base64">aW1wb3J0IFZpZGVvcyBmcm9tICdAL2NvbXBvbmVudHMvdmlkZW9zL1ZpZGVvcycK</text>
      </register>
      <register name="6" type="2">
        <text encoding="base64">aW1wb3J0IEZpbHRlcnMgZnJvbSAnQC9jb21wb25lbnRzL2ZpbHRlcnMvRmlsdGVycycK</text>
      </register>
      <register name="7" type="2">
        <text encoding="base64">aW1wb3J0IENhdGVnb3JpZXMgZnJvbSAnQC9jb21wb25lbnRzL2NhdGVnb3J5L0NhdGVnb3JpZXMnCg==</text>
      </register>
      <register name="8" type="2">
        <text encoding="base64">ICAgIGNvbnNvbGUubG9nKHRoaXMuc2x1Z0ZpbHRlcikK</text>
      </register>
      <register name="9" type="2">
        <text encoding="base64">Cg==</text>
      </register>
      <register name=":" type="4">
        <text>1</text>
      </register>
    </registers>
  </component>
  <component name="VimSearchSettings">
    <search>
      <last-search>Perc</last-search>
      <last-offset />
      <last-pattern>Perc</last-pattern>
      <last-replace>Content</last-replace>
      <last-substitute>Category</last-substitute>
      <last-dir>1</last-dir>
      <show-last>false</show-last>
    </search>
  </component>
  <component name="VimSettings">
    <state version="6" enabled="true" />
    <notifications>
      <idea-join enabled="true" />
      <idea-put enabled="false" />
    </notifications>
  </component>
</application>