<keymap version="1" name="macOS KO" parent="Mac OS X 10.5+">
  <action id="FileChooser.TogglePathShowing" />
  <action id="GotoFile">
    <keyboard-shortcut first-keystroke="shift meta o" />
    <keyboard-shortcut first-keystroke="meta p" />
  </action>
  <action id="ParameterInfo">
    <keyboard-shortcut first-keystroke="shift meta p" />
  </action>
  <action id="SplitHorizontally">
    <keyboard-shortcut first-keystroke="shift ctrl h" />
  </action>
  <action id="SplitVertically">
    <keyboard-shortcut first-keystroke="shift ctrl v" />
  </action>
</keymap>